1,none found
2,none found
3,none found
4,none found
6,none found
7,none found
8,none found
11,none found
12,none found
13,none found
14,none found
17,none found
18,none found
19,none found
20,none found
21,none found
22,none found
23,none found
26,none found
28,none found
29,none found
30,none found
31,none found
33,none found
34,none found
35,none found
36,none found
37,none found
39,none found
41,none found
42,none found
44,none found
45,none found
46,none found
48,none found
49,none found
50,none found
52,none found
54,none found
55,none found
56,none found
57,none found
59,none found
60,none found
62,none found
63,none found
66,none found
67,none found
68,none found
69,none found
70,none found
72,none found
74,none found
75,none found
77,none found
78,none found
81,none found
85,none found
86,none found
88,none found
92,none found
93,none found
94,none found
95,none found
96,none found
97,none found
98,none found
99,none found
101,none found
103,none found
104,none found
105,none found
106,none found
107,none found
108,none found
109,none found
110,none found
111,none found
112,none found
113,none found
114,none found
121,none found
122,none found
123,none found
124,none found
125,none found
126,none found
127,none found
128,none found
129,none found
130,none found
132,none found
133,none found
135,none found
137,none found
138,none found
139,none found
140,none found
141,none found
143,none found
144,none found
145,none found
146,none found
147,none found
149,none found
150,none found
151,none found
153,none found
154,none found
155,none found
157,none found
158,none found
159,none found
163,none found
164,none found
165,none found
167,none found
169,none found
170,none found
171,none found
172,none found
173,none found
174,none found
175,none found
176,none found
177,none found
178,none found
179,none found
180,none found
182,none found
183,none found
184,none found
185,none found
187,none found
188,none found
190,none found
191,none found
192,none found
193,none found
195,none found
196,none found
198,none found
199,none found
200,none found
201,none found
203,none found
206,none found
207,none found
208,none found
210,none found
211,none found
212,none found
213,none found
215,none found
216,none found
219,none found
220,none found
221,none found
223,none found
224,none found
226,none found
227,none found
228,none found
229,none found
230,none found
231,none found
232,none found
233,none found
234,none found
235,none found
237,none found
239,none found
241,none found
243,none found
244,none found
245,none found
247,none found
248,none found
249,none found
250,none found
251,none found
252,none found
253,none found
256,none found
257,none found
259,none found
261,none found
262,none found
263,none found
265,none found
266,none found
267,none found
268,none found
269,none found
270,none found
271,none found
272,none found
274,none found
275,none found
276,none found
278,none found
279,none found
280,none found
281,none found
282,none found
283,none found
284,none found
289,none found
290,none found
292,none found
293,none found
294,none found
296,none found
298,none found
299,none found
300,none found
301,none found
302,none found
303,none found
306,none found
307,none found
308,none found
309,none found
310,none found
311,none found
312,none found
313,none found
316,none found
317,none found
318,none found
320,none found
322,none found
323,none found
324,none found
325,none found
326,none found
327,none found
328,none found
329,none found
330,none found
332,none found
334,none found
335,none found
336,none found
338,none found
340,none found
341,none found
342,none found
344,none found
346,none found
347,none found
348,none found
350,none found
351,none found
352,none found
353,none found
354,none found
355,none found
356,none found
357,none found
358,none found
361,none found
362,none found
363,none found
364,none found
366,none found
367,none found
368,none found
369,none found
372,none found
373,none found
374,none found
376,none found
377,none found
378,none found
381,none found
383,none found
385,none found
386,none found
387,none found
388,none found
389,none found
390,none found
391,none found
393,none found
394,none found
395,none found
396,none found
397,none found
399,none found
401,none found
402,none found
403,none found
404,none found
405,none found
406,none found
407,none found
408,none found
409,none found
410,none found
411,none found
412,none found
413,none found
414,none found
415,none found
416,none found
418,none found
419,none found
420,none found
422,none found
423,none found
425,none found
426,none found
428,none found
429,none found
431,none found
432,none found
433,none found
436,none found
437,none found
440,none found
442,none found
443,none found
444,none found
445,none found
446,none found
447,none found
448,none found
449,none found
450,none found
453,none found
454,none found
455,none found
456,none found
457,none found
458,none found
459,none found
460,none found
461,none found
462,none found
463,none found
464,none found
465,none found
467,none found
468,none found
471,none found
473,none found
474,none found
475,none found
476,none found
477,none found
478,none found
479,none found
480,none found
481,none found
483,none found
484,none found
486,none found
487,none found
488,none found
489,none found
491,none found
492,none found
493,none found
495,none found
496,none found
497,none found
498,none found
500,none found
501,none found
502,none found
503,none found
505,none found
506,none found
509,none found
511,none found
513,none found
514,none found
515,none found
517,none found
518,none found
519,none found
520,none found
521,none found
522,none found
524,none found
525,none found
526,none found
527,none found
528,none found
529,none found
531,none found
532,none found
533,none found
534,none found
535,none found
536,none found
537,none found
538,none found
539,none found
540,none found
541,none found
542,none found
543,none found
544,none found
545,none found
547,none found
549,none found
550,none found
551,none found
553,none found
557,none found
558,none found
560,none found
562,none found
564,none found
565,none found
566,none found
571,none found
572,none found
573,none found
574,none found
575,none found
576,none found
577,none found
578,none found
579,none found
582,none found
583,none found
584,none found
585,none found
586,none found
587,none found
588,none found
589,none found
590,none found
593,none found
594,none found
595,none found
596,none found
597,none found
598,none found
599,none found
600,none found
601,none found
602,none found
603,none found
604,none found
606,none found
610,none found
611,none found
612,none found
615,none found
617,none found
618,none found
619,none found
620,none found
621,none found
623,none found
624,none found
626,none found
627,none found
628,none found
631,none found
632,none found
633,none found
634,none found
635,none found
636,none found
638,none found
639,none found
640,none found
641,none found
643,none found
644,none found
647,none found
648,none found
649,none found
650,none found
651,none found
652,none found
653,none found
654,none found
655,none found
656,none found
658,none found
659,none found
663,none found
664,none found
665,none found
666,none found
668,none found
669,none found
670,none found
672,none found
673,none found
674,none found
675,none found
676,none found
677,none found
679,none found
680,none found
681,none found
682,none found
684,none found
685,none found
686,none found
687,none found
689,none found
690,none found
691,none found
693,none found
694,none found
695,none found
696,none found
697,none found
699,none found
700,none found
702,none found
703,none found
704,none found
705,none found
706,none found
707,none found
708,none found
709,none found
711,none found
713,none found
714,none found
715,none found
718,none found
719,none found
721,none found
722,none found
723,none found
724,none found
725,none found
726,none found
728,none found
732,none found
735,none found
736,none found
737,none found
738,none found
739,none found
740,none found
741,none found
742,none found
744,none found
745,none found
748,none found
749,none found
750,none found
752,none found
753,none found
754,none found
755,none found
756,none found
757,none found
758,none found
759,none found
760,none found
761,none found
762,none found
763,none found
765,none found
766,none found
768,none found
769,none found
770,none found
771,none found
772,none found
773,none found
774,none found
775,none found
776,none found
779,none found
780,none found
781,none found
782,none found
783,none found
784,none found
785,none found
786,none found
787,none found
788,none found
789,none found
790,none found
791,none found
792,none found
793,none found
794,none found
795,none found
798,none found
799,none found
800,none found
801,none found
802,none found
803,none found
804,none found
805,none found
806,none found
807,none found
808,none found
809,none found
810,none found
811,none found
812,none found
813,none found
814,none found
815,none found
816,none found
817,none found
818,none found
819,none found
820,none found
821,none found
822,none found
823,none found
824,none found
825,none found
826,none found
827,none found
828,none found
829,none found
830,none found
831,none found
833,none found
834,none found
835,none found
836,none found
837,none found
838,none found
839,none found
840,none found
841,none found
842,none found
843,none found
844,none found
845,none found
847,none found
848,none found
849,none found
850,none found
851,none found
852,none found
853,none found
854,none found
855,none found
856,none found
857,none found
858,none found
859,none found
860,none found
861,none found
862,none found
863,none found
864,none found
865,none found
866,none found
867,none found
868,none found
869,none found
870,none found
871,none found
872,none found
873,none found
874,none found
875,none found
876,none found
877,none found
878,none found
879,none found
880,none found
881,none found
882,none found
883,none found
884,none found
885,none found
886,none found
887,none found
888,none found
889,none found
890,none found
891,none found
892,none found
893,none found
894,none found
895,none found
896,none found
897,none found
898,none found
899,none found
901,none found
902,none found
903,none found
904,none found
905,none found
906,none found
907,none found
908,none found
909,none found
910,none found
911,none found
912,none found
913,none found
914,none found
915,none found
916,none found
917,none found
918,none found
919,none found
920,none found
921,none found
922,none found
923,none found
924,none found
925,none found
926,none found
927,none found
928,none found
929,none found
930,none found
931,none found
932,none found
933,none found
934,none found
935,none found
936,none found
937,none found
938,none found
939,none found
940,none found
941,none found
942,none found
943,none found
944,none found
945,none found
946,none found
947,none found
948,none found
949,none found
951,none found
952,none found
953,none found
954,none found
955,none found
956,none found
957,none found
958,none found
959,none found
960,none found
961,none found
962,none found
963,none found
964,none found
965,none found
966,none found
967,none found
968,none found
969,none found
970,none found
971,none found
972,none found
973,none found
974,none found
975,none found
976,none found
977,none found
978,none found
979,none found
980,none found
981,none found
982,none found
983,none found
984,none found
985,none found
986,none found
987,none found
988,none found
989,none found
990,none found
991,none found
992,none found
993,none found
994,none found
996,none found
997,none found
998,none found
999,none found
1000,none found
1001,none found
1002,none found
1003,none found
1004,none found
1005,none found
1006,none found
1007,none found
1008,none found
1009,none found
1010,none found
1011,none found
1012,none found
1013,none found
1014,none found
1015,none found
1016,none found
1017,none found
1018,none found
1019,none found
1020,none found
1021,none found
1023,none found
1024,none found
1025,none found
1026,none found
1027,none found
1028,none found
1029,none found
1030,none found
1031,none found
1032,none found
1033,none found
1034,none found
1035,none found
1036,none found
1037,none found
1038,none found
1040,none found
1041,none found
1042,none found
1043,none found
1044,none found
1045,none found
1046,none found
1047,none found
1048,none found
1049,none found
1050,none found
1051,none found
1052,none found
1054,none found
1055,none found
1056,none found
1057,none found
1058,none found
1059,none found
1060,none found
1061,none found
1062,none found
1063,none found
1064,none found
1065,none found
1066,none found
1067,none found
1068,none found
1069,none found
1070,none found
1071,none found
1072,none found
1073,none found
1074,none found
1075,none found
1076,none found
1077,none found
1078,none found
1079,none found
1080,none found
1081,none found
1082,none found
1083,none found
1084,none found
1085,none found
1086,none found
1087,none found
1088,none found
1089,none found
1090,none found
1091,none found
1092,none found
1093,none found
1094,none found
1095,none found
1096,none found
1097,none found
1098,none found
1099,none found
1100,none found
1101,none found
1102,none found
1103,none found
1104,none found
1105,none found
1106,none found
1107,none found
1108,none found
1109,none found
1110,none found
1111,none found
1112,none found
1113,none found
1114,none found
1115,none found
1116,none found
1117,none found
1118,none found
1119,none found
1120,none found
1121,none found
1122,none found
1123,none found
1124,none found
1125,none found
1126,none found
1127,none found
1129,none found
1130,none found
1131,none found
1132,none found
1133,none found
1134,none found
1135,none found
1136,none found
1137,none found
1138,none found
1139,none found
1140,none found
1141,none found
1142,none found
1143,none found
1144,none found
1145,none found
1146,none found
1147,none found
1148,none found
1149,none found
1150,none found
1151,none found
1152,none found
1153,none found
1154,none found
1155,none found
1156,none found
1157,none found
1158,none found
1159,none found
1160,none found
1161,none found
1162,none found
1163,none found
1164,none found
1165,none found
1166,none found
1167,none found
1168,none found
1169,none found
1170,none found
1171,none found
1172,none found
1173,none found
1174,none found
1175,none found
1176,none found
1177,none found
1178,none found
1179,none found
1180,none found
1181,none found
1182,none found
1183,none found
1184,none found
1185,none found
1186,none found
1187,none found
1188,none found
1189,none found
1190,none found
1191,none found
1192,none found
1193,none found
1194,none found
1195,none found
1197,none found
1199,none found
1200,none found
1201,none found
1202,none found
1203,none found
1204,none found
1205,none found
1206,none found
1207,none found
1208,none found
1209,none found
1210,none found
1211,none found
1212,none found
1213,none found
1214,none found
1215,none found
1216,none found
1217,none found
1218,none found
1219,none found
1220,none found
1221,none found
1222,none found
1223,none found
1224,none found
1225,none found
1227,none found
1228,none found
1229,none found
1230,none found
1231,none found
1232,none found
1233,none found
1234,none found
1235,none found
1236,none found
1237,none found
1239,none found
1240,none found
1241,none found
1242,none found
1244,none found
1245,none found
1246,none found
1247,none found
1248,none found
1249,none found
1250,none found
1251,none found
1252,none found
1253,none found
1254,none found
1255,none found
1256,none found
1257,none found
1258,none found
1259,none found
1260,none found
1261,none found
1262,none found
1263,none found
1264,none found
1265,none found
1266,none found
1267,none found
1268,none found
1269,none found
1270,none found
1271,none found
1272,none found
1273,none found
1274,none found
1275,none found
1276,none found
1277,none found
1278,none found
1279,none found
1280,none found
1281,none found
1282,none found
1283,none found
1284,none found
1285,none found
1286,none found
1287,none found
1288,none found
1289,none found
1290,none found
1291,none found
1292,none found
1293,none found
1294,none found
1295,none found
1296,none found
1297,none found
1298,none found
1299,none found
1300,none found
1301,none found
1302,none found
1303,none found
1304,none found
1305,none found
1306,none found
1307,none found
1308,none found
1309,none found
1310,none found
1311,none found
1312,none found
1313,none found
1314,none found
1315,none found
1316,none found
1317,none found
1318,none found
1319,none found
1320,none found
1321,none found
1322,none found
1324,none found
1325,none found
1326,none found
1327,none found
1328,none found
1329,none found
1330,none found
1331,none found
1332,none found
1333,none found
1334,none found
1335,none found
1336,none found
1337,none found
1338,none found
1339,none found
1340,none found
1341,none found
1342,none found
1343,none found
1344,none found
1345,none found
1346,none found
1347,none found
1348,none found
1349,none found
1350,none found
1351,none found
1352,none found
1353,none found
1354,none found
1355,none found
1356,none found
1357,none found
1358,none found
1359,none found
1360,none found
1361,none found
1362,none found
1363,none found
1364,none found
1365,none found
1366,none found
1367,none found
1368,none found
1369,none found
1370,none found
1371,none found
1372,none found
1373,none found
1374,none found
1375,none found
1376,none found
1377,none found
1378,none found
1379,none found
1380,none found
1381,none found
1382,none found
1383,none found
1384,none found
1385,none found
1386,none found
1387,none found
1388,none found
1389,none found
1390,none found
1391,none found
1392,none found
1393,none found
1394,none found
1395,none found
1396,none found
1397,none found
1398,none found
1399,none found
1400,none found
1401,none found
1402,none found
1403,none found
1404,none found
1405,none found
1406,none found
1407,none found
1409,none found
1410,none found
1411,none found
1412,none found
1413,none found
1414,none found
1415,none found
1416,none found
1417,none found
1418,none found
1419,none found
1420,none found
1421,none found
1422,none found
1423,none found
1424,none found
1425,none found
1426,none found
1427,none found
1428,none found
1429,none found
1430,none found
1431,none found
1432,none found
1433,none found
1434,none found
1435,none found
1436,none found
1437,none found
1438,none found
1439,none found
1440,none found
1441,none found
1442,none found
1443,none found
1444,none found
1445,none found
1446,none found
1447,none found
1448,none found
1449,none found
1450,none found
1451,none found
1452,none found
1453,none found
1454,none found
1455,none found
1456,none found
1457,none found
1458,none found
1459,none found
1460,none found
1461,none found
1462,none found
1463,none found
1464,none found
1465,none found
1466,none found
1467,none found
1468,none found
1469,none found
1470,none found
1471,none found
1472,none found
1474,none found
1475,none found
1476,none found
1477,none found
1478,none found
1479,none found
1480,none found
1481,none found
1482,none found
1483,none found
1484,none found
1485,none found
1486,none found
1487,none found
1488,none found
1489,none found
1490,none found
1491,none found
1492,none found
1493,none found
1494,none found
1495,none found
1496,none found
1497,none found
1498,none found
1499,none found
1500,none found
1501,none found
1502,none found
1503,none found
1504,none found
1505,none found
1506,none found
1507,none found
1508,none found
1509,none found
1510,none found
1511,none found
1512,none found
1513,none found
1514,none found
1515,none found
1516,none found
1517,none found
1518,none found
1519,none found
1520,none found
1521,none found
1522,none found
1523,none found
1524,none found
1525,none found
1526,none found
1527,none found
1528,none found
1529,none found
1530,none found
1531,none found
1532,none found
1533,none found
1534,none found
1535,none found
1536,none found
1537,none found
1538,none found
1539,none found
1540,none found
1541,none found
1542,none found
1543,none found
1544,none found
1545,none found
1546,none found
1547,none found
1548,none found
1549,none found
1550,none found
1551,none found
1552,none found
1553,none found
1554,none found
1555,none found
1556,none found
1557,none found
1558,none found
1559,none found
1560,none found
1561,none found
1562,none found
1563,none found
1564,none found
1565,none found
1566,none found
1567,none found
1568,none found
1569,none found
1571,none found
1572,none found
1573,none found
1574,none found
1575,none found
1576,none found
1577,none found
1578,none found
1579,none found
1580,none found
1581,none found
1582,none found
1583,none found
1584,none found
1585,none found
1586,none found
1587,none found
1588,none found
1589,none found
1590,none found
1591,none found
1592,none found
1593,none found
1594,none found
1595,none found
1596,none found
1597,none found
1598,none found
1599,none found
1600,none found
1601,none found
1602,none found
1603,none found
1604,none found
1605,none found
1606,none found
1607,none found
1608,none found
1609,none found
1610,none found
1611,none found
1612,none found
1613,none found
1614,none found
1615,none found
1616,none found
1617,none found
1618,none found
1619,none found
1620,none found
1621,none found
1622,none found
1623,none found
1624,none found
1625,none found
1626,none found
1627,none found
1628,none found
1629,none found
1630,none found
1631,none found
1632,none found
1633,none found
1634,none found
1635,none found
1636,none found
1637,none found
1638,none found
1639,none found
1640,none found
1641,none found
1642,none found
1643,none found
1644,none found
1645,none found
1646,none found
1647,none found
1648,none found
1649,none found
1650,none found
1651,none found
1652,none found
1653,none found
1654,none found
1655,none found
1656,none found
1657,none found
1658,none found
1659,none found
1660,none found
1661,none found
1662,none found
1663,none found
1664,none found
1665,none found
1666,none found
1667,none found
1668,none found
1669,none found
1670,none found
1671,none found
1672,none found
1673,none found
1674,none found
1675,none found
1676,none found
1677,none found
1678,none found
1679,none found
1680,none found
1681,none found
1682,none found
1683,none found
1684,none found
1685,none found
1686,none found
1687,none found
1688,none found
1689,none found
1690,none found
1691,none found
1692,none found
1693,none found
1694,none found
1695,none found
1696,none found
1697,none found
1698,none found
1699,none found
1700,none found
1701,none found
1702,none found
1703,none found
1704,none found
1705,none found
1706,none found
1707,none found
1708,none found
1709,none found
1711,none found
1712,none found
1713,none found
1714,none found
1715,none found
1716,none found
1717,none found
1718,none found
1719,none found
1720,none found
1721,none found
1722,none found
1723,none found
1724,none found
1725,none found
1726,none found
1728,none found
1729,none found
1730,none found
1731,none found
1732,none found
1733,none found
1734,none found
1735,none found
1736,none found
1737,none found
1738,none found
1739,none found
1740,none found
1741,none found
1742,none found
1743,none found
1744,none found
1745,none found
1746,none found
1747,none found
1748,none found
1749,none found
1750,none found
1751,none found
1752,none found
1753,none found
1754,none found
1755,none found
1756,none found
1757,none found
1758,none found
1759,none found
1760,none found
1761,none found
1762,none found
1763,none found
1764,none found
1765,none found
1766,none found
1767,none found
1768,none found
1769,none found
1770,none found
1771,none found
1772,none found
1773,none found
1774,none found
1775,none found
1776,none found
1777,none found
1778,none found
1779,none found
1780,none found
1781,none found
1782,none found
1783,none found
1784,none found
1785,none found
1786,none found
1788,none found
1790,none found
1791,none found
1792,none found
1793,none found
1794,none found
1795,none found
1796,none found
1797,none found
1798,none found
1799,none found
1800,none found
1801,none found
1802,none found
1803,none found
1804,none found
1805,none found
1806,none found
1807,none found
1808,none found
1809,none found
1810,none found
1811,none found
1812,none found
1813,none found
1814,none found
1815,none found
1816,none found
1817,none found
1818,none found
1819,none found
1820,none found
1821,none found
1822,none found
1824,none found
1825,none found
1826,none found
1828,none found
1829,none found
1830,none found
1831,none found
1832,none found
1833,none found
1834,none found
1835,none found
1836,none found
1837,none found
1838,none found
1839,none found
1840,none found
1841,none found
1842,none found
1844,none found
1845,none found
1846,none found
1847,none found
1848,none found
1849,none found
1850,none found
1851,none found
1852,none found
1853,none found
1854,none found
1855,none found
1856,none found
1857,none found
1858,none found
1859,none found
1860,none found
1861,none found
1862,none found
1863,none found
1864,none found
1865,none found
1866,none found
1868,none found
1869,none found
1870,none found
1871,none found
1873,none found
1874,none found
1875,none found
1876,none found
1877,none found
1878,none found
1879,none found
1881,none found
1882,none found
1883,none found
1884,none found
1885,none found
1886,none found
1887,none found
1888,none found
1890,none found
1891,none found
1892,none found
1893,none found
1894,none found
1895,none found
1896,none found
1897,none found
1898,none found
1899,none found
1900,none found
1901,none found
1903,none found
1904,none found
1905,none found
1906,none found
1907,none found
1908,none found
1910,none found
1911,none found
1912,none found
1913,none found
1914,none found
1917,none found
1918,none found
1919,none found
1921,none found
1923,none found
1924,none found
1925,none found
1926,none found
1927,none found
1928,none found
1929,none found
1930,none found
1931,none found
1933,none found
1934,none found
1935,none found
1936,none found
1937,none found
1938,none found
1939,none found
1940,none found
1941,none found
1942,none found
1943,none found
1944,none found
1945,none found
1946,none found
1948,none found
1949,none found
1950,none found
1951,none found
1952,none found
1953,none found
1954,none found
1955,none found
1956,none found
1957,none found
1959,none found
1960,none found
1961,none found
1963,none found
1964,none found
1965,none found
1966,none found
1967,none found
1968,none found
1969,none found
1970,none found
1971,none found
1972,none found
1973,none found
1974,none found
1975,none found
1976,none found
1977,none found
1978,none found
1979,none found
1980,none found
1981,none found
1982,none found
1983,none found
1984,none found
1986,none found
1987,none found
1988,none found
1989,none found
1990,none found
1991,none found
1992,none found
1993,none found
1994,none found
1995,none found
1996,none found
1997,none found
1998,none found
1999,none found
2000,none found
2001,none found
2002,none found
2004,none found
2005,none found
2006,none found
2007,none found
2008,none found
2009,none found
2010,none found
2011,none found
2012,none found
2013,none found
2014,none found
2015,none found
2016,none found
2017,none found
2018,none found
2019,none found
2020,none found
2021,none found
2022,none found
2024,none found
2025,none found
2026,none found
2027,none found
2029,none found
2030,none found
2031,none found
2032,none found
2033,none found
2034,none found
2036,none found
2037,none found
2038,none found
2039,none found
2040,none found
2041,none found
2043,none found
2044,none found
2045,none found
2046,none found
2047,none found
2048,none found
2049,none found
2050,none found
2051,none found
2052,none found
2053,none found
2054,none found
2055,none found
2056,none found
2057,none found
2058,none found
2060,none found
2061,none found
2062,none found
2063,none found
2064,none found
2065,none found
2066,none found
2067,none found
2068,none found
2069,none found
2070,none found
2071,none found
2072,none found
2073,none found
2074,none found
2075,none found
2076,none found
2077,none found
2078,none found
2079,none found
2081,none found
2083,none found
2085,none found
2086,none found
2087,none found
2088,none found
2089,none found
2090,none found
2091,none found
2093,none found
2094,none found
2095,none found
2096,none found
2097,none found
2098,none found
2099,none found
2100,none found
2101,none found
2102,none found
2103,none found
2106,none found
2108,none found
2109,none found
2110,none found
2112,none found
2113,none found
2114,none found
2115,none found
2116,none found
2118,none found
2119,none found
2120,none found
2121,none found
2122,none found
2123,none found
2124,none found
2125,none found
2126,none found
2127,none found
2128,none found
2129,none found
2130,none found
2131,none found
2132,none found
2133,none found
2134,none found
2135,none found
2136,none found
2137,none found
2138,none found
2139,none found
2141,none found
2142,none found
2143,none found
2144,none found
2145,none found
2146,none found
2147,none found
2148,none found
2149,none found
2150,none found
2151,none found
2152,none found
2153,none found
2154,none found
2155,none found
2156,none found
2157,none found
2158,none found
2159,none found
2160,none found
2161,none found
2162,none found
2164,none found
2165,none found
2166,none found
2167,none found
2168,none found
2169,none found
2170,none found
2171,none found
2173,none found
2174,none found
2177,none found
2178,none found
2179,none found
2180,none found
2181,none found
2182,none found
2183,none found
2184,none found
2186,none found
2187,none found
2188,none found
2189,none found
2190,none found
2191,none found
2192,none found
2193,none found
2194,none found
2195,none found
2196,none found
2197,none found
2198,none found
2199,none found
2200,none found
2201,none found
2202,none found
2203,none found
2204,none found
2205,none found
2206,none found
2207,none found
2208,none found
2209,none found
2210,none found
2211,none found
2212,none found
2213,none found
2214,none found
2216,none found
2217,none found
2218,none found
2219,none found
2220,none found
2221,none found
2222,none found
2223,none found
2224,none found
2225,none found
2226,none found
2227,none found
2228,none found
2229,none found
2230,none found
2231,none found
2232,none found
2233,none found
2234,none found
2235,none found
2236,none found
2237,none found
2238,none found
2239,none found
2240,none found
2241,none found
2242,none found
2243,none found
2244,none found
2245,none found
2246,none found
2247,none found
2248,none found
2249,none found
2250,none found
2251,none found
2252,none found
2253,none found
2254,none found
2255,none found
2256,none found
2257,none found
2258,none found
2259,none found
2260,none found
2261,none found
2263,none found
2264,none found
2265,none found
2266,none found
2267,none found
2268,none found
2269,none found
2270,none found
2271,none found
2272,none found
2273,none found
2275,none found
2276,none found
2277,none found
2278,none found
2279,none found
2281,none found
2283,none found
2284,none found
2285,none found
2286,none found
2287,none found
2288,none found
2289,none found
2290,none found
2291,none found
2292,none found
2293,none found
2294,none found
2295,none found
2296,none found
2298,none found
2299,none found
2300,none found
2301,none found
2302,none found
2303,none found
2304,none found
2305,none found
2306,none found
2307,none found
2308,none found
2309,none found
2310,none found
2311,none found
2312,none found
2313,none found
2314,none found
2315,none found
2316,none found
2318,none found
2319,none found
2320,none found
2321,none found
2322,none found
2323,none found
2324,none found
2326,none found
2327,none found
2328,none found
2329,none found
2330,none found
2331,none found
2332,none found
2333,none found
2334,none found
2335,none found
2336,none found
2337,none found
2338,none found
2339,none found
2340,none found
2341,none found
2342,none found
2343,none found
2344,none found
2345,none found
2347,none found
2348,none found
2349,none found
2350,none found
2351,none found
2352,none found
2353,none found
2354,none found
2356,none found
2358,none found
2359,none found
2360,none found
2361,none found
2362,none found
2363,none found
2364,none found
2365,none found
2366,none found
2367,none found
2368,none found
2369,none found
2370,none found
2371,none found
2372,none found
2373,none found
2374,none found
2375,none found
2376,none found
2377,none found
2378,none found
2380,none found
2381,none found
2382,none found
2383,none found
2384,none found
2385,none found
2386,none found
2387,none found
2388,none found
2389,none found
2390,none found
2391,none found
2392,none found
2393,none found
2394,none found
2395,none found
2396,none found
2397,none found
2399,none found
2400,none found
2401,none found
2402,none found
2403,none found
2405,none found
2407,none found
2408,none found
2409,none found
2410,none found
2412,none found
2413,none found
2414,none found
2415,none found
2416,none found
2418,none found
2419,none found
2420,none found
2421,none found
2422,none found
2423,none found
2425,none found
2426,none found
2427,none found
2429,none found
2430,none found
2431,none found
2433,none found
2434,none found
2435,none found
2436,none found
2437,none found
2438,none found
2439,none found
2440,none found
2441,none found
2442,none found
2444,none found
2445,none found
2447,none found
2448,none found
2449,none found
2450,none found
2451,none found
2453,none found
2454,none found
2455,none found
2456,none found
2457,none found
2458,none found
2460,none found
2461,none found
2462,none found
2463,none found
2464,none found
2465,none found
2466,none found
2467,none found
2468,none found
2469,none found
2474,none found
2475,none found
2476,none found
2477,none found
2478,none found
2479,none found
2480,none found
2481,none found
2483,none found
2484,none found
2485,none found
2486,none found
2487,none found
2488,none found
2489,none found
2491,none found
2492,none found
2493,none found
2494,none found
2496,none found
2497,none found
2498,none found
2499,none found
2500,none found
2502,none found
2503,none found
2504,none found
2505,none found
2506,none found
2507,none found
2508,none found
2509,none found
2510,none found
2512,none found
2513,none found
2514,none found
2515,none found
2516,none found
2517,none found
2518,none found
2519,none found
2520,none found
2521,none found
2522,none found
2523,none found
2524,none found
2525,none found
2526,none found
2528,none found
2529,none found
2530,none found
2531,none found
2532,none found
2533,none found
2534,none found
2537,none found
2538,none found
2539,none found
2540,none found
2542,none found
2543,none found
2544,none found
2545,none found
2546,none found
2547,none found
2548,none found
2549,none found
2550,none found
2552,none found
2553,none found
2554,none found
2555,none found
2556,none found
2557,none found
2558,none found
2559,none found
2560,none found
2561,none found
2563,none found
2564,none found
2567,none found
2568,none found
2569,none found
2570,none found
2571,none found
2572,none found
2573,none found
2574,none found
2575,none found
2576,none found
2578,none found
2579,none found
2580,none found
2581,none found
2582,none found
2583,none found
2584,none found
2585,none found
2586,none found
2587,none found
2589,none found
2590,none found
2593,none found
2594,none found
2595,none found
2596,none found
2597,none found
2598,none found
2599,none found
2600,none found
2601,none found
2602,none found
2603,none found
2604,none found
2605,none found
2606,none found
2607,none found
2608,none found
2609,none found
2610,none found
2611,none found
2612,none found
2614,none found
2615,none found
2616,none found
2617,none found
2618,none found
2619,none found
2620,none found
2621,none found
2622,none found
2623,none found
2624,none found
2625,none found
2626,none found
2627,none found
2628,none found
2629,none found
2630,none found
2631,none found
2632,none found
2633,none found
2635,none found
2636,none found
2637,none found
2638,none found
2639,none found
2640,none found
2641,none found
2643,none found
2644,none found
2645,none found
2646,none found
2647,none found
2648,none found
2649,none found
2650,none found
2651,none found
2653,none found
2654,none found
2655,none found
2656,none found
2658,none found
2659,none found
2660,none found
2661,none found
2662,none found
2663,none found
2664,none found
2665,none found
2666,none found
2667,none found
2668,none found
2669,none found
2670,none found
2671,none found
2672,none found
2673,none found
2674,none found
2675,none found
2676,none found
2677,none found
2678,none found
2679,none found
2680,none found
2681,none found
2682,none found
2683,none found
2684,none found
2685,none found
2686,none found
2687,none found
2688,none found
2689,none found
2690,none found
2691,none found
2692,none found
2694,none found
2695,none found
2696,none found
2697,none found
2698,none found
2699,none found
2700,none found
2701,none found
2702,none found
2703,none found
2704,none found
2705,none found
2706,none found
2708,none found
2709,none found
2711,none found
2712,none found
2713,none found
2714,none found
2716,none found
2717,none found
2718,none found
2719,none found
2720,none found
2721,none found
2723,none found
2724,none found
2725,none found
2726,none found
2727,none found
2728,none found
2729,none found
2730,none found
2731,none found
2732,none found
2733,none found
2734,none found
2735,none found
2736,none found
2737,none found
2738,none found
2739,none found
2740,none found
2741,none found
2742,none found
2743,none found
2744,none found
2745,none found
2746,none found
2748,none found
2749,none found
2750,none found
2751,none found
2752,none found
2753,none found
2754,none found
2755,none found
2756,none found
2757,none found
2758,none found
2759,none found
2761,none found
2762,none found
2763,none found
2765,none found
2766,none found
2767,none found
2768,none found
2769,none found
2770,none found
2771,none found
2772,none found
2773,none found
2774,none found
2775,none found
2776,none found
2777,none found
2779,none found
2780,none found
2781,none found
2782,none found
2783,none found
2784,none found
2785,none found
2786,none found
2787,none found
2788,none found
2790,none found
2791,none found
2792,none found
2793,none found
2794,none found
2795,none found
2796,none found
2797,none found
2798,none found
2799,none found
2800,none found
2801,none found
2802,none found
2803,none found
2804,none found
2805,none found
2806,none found
2807,none found
2808,none found
2809,none found
2810,none found
2811,none found
2813,none found
2814,none found
2815,none found
2816,none found
2817,none found
2818,none found
2819,none found
2820,none found
2821,none found
2822,none found
2823,none found
2824,none found
2825,none found
2826,none found
2827,none found
2828,none found
2829,none found
2831,none found
2833,none found
2834,none found
2835,none found
2836,none found
2837,none found
2838,none found
2839,none found
2840,none found
2841,none found
2842,none found
2843,none found
2844,none found
2845,none found
2846,none found
2848,none found
2850,none found
2851,none found
2852,none found
2853,none found
2855,none found
2856,none found
2857,none found
2858,none found
2859,none found
2860,none found
2861,none found
2862,none found
2863,none found
2864,none found
2865,none found
2866,none found
2867,none found
2868,none found
2869,none found
2870,none found
2871,none found
2872,none found
2873,none found
2874,none found
2875,none found
2876,none found
2877,none found
2879,none found
2880,none found
2881,none found
2882,none found
2883,none found
2884,none found
2885,none found
2887,none found
2888,none found
2889,none found
2890,none found
2891,none found
2892,none found
2894,none found
2896,none found
2898,none found
2899,none found
2902,none found
2903,none found
2904,none found
2905,none found
2906,none found
2908,none found
2909,none found
2910,none found
2911,none found
2912,none found
2913,none found
2914,none found
2915,none found
2916,none found
2917,none found
2919,none found
2920,none found
2921,none found
2923,none found
2924,none found
2925,none found
2926,none found
2927,none found
2928,none found
2930,none found
2931,none found
2932,none found
2933,none found
2934,none found
2935,none found
2936,none found
2937,none found
2938,none found
2940,none found
2941,none found
2942,none found
2943,none found
2944,none found
2946,none found
2948,none found
2950,none found
2951,none found
2952,none found
2953,none found
2954,none found
2956,none found
2957,none found
2958,none found
2959,none found
2961,none found
2962,none found
2963,none found
2964,none found
2965,none found
2966,none found
2967,none found
2968,none found
2970,none found
2971,none found
2972,none found
2973,none found
2974,none found
2975,none found
2976,none found
2977,none found
2978,none found
2979,none found
2980,none found
2981,none found
2982,none found
2983,none found
2984,none found
2985,none found
2986,none found
2987,none found
2988,none found
2989,none found
2990,none found
2992,none found
2993,none found
2994,none found
2995,none found
2997,none found
2998,none found
2999,none found
3000,none found
3001,none found
3002,none found
3003,none found
3004,none found
3005,none found
3006,none found
3007,none found
3008,none found
3009,none found
3010,none found
3011,none found
3012,none found
3013,none found
3014,none found
3016,none found
3017,none found
3018,none found
3019,none found
3020,none found
3021,none found
3022,none found
3024,none found
3025,none found
3026,none found
3027,none found
3028,none found
3029,none found
3030,none found
3031,none found
3032,none found
3033,none found
3034,none found
3035,none found
3036,none found
3037,none found
3038,none found
3039,none found
3040,none found
3041,none found
3042,none found
3043,none found
3044,none found
3045,none found
3046,none found
3047,none found
3049,none found
3050,none found
3051,none found
3052,none found
3053,none found
3054,none found
3055,none found
3056,none found
3057,none found
3058,none found
3059,none found
3060,none found
3062,none found
3063,none found
3064,none found
3065,none found
3066,none found
3068,none found
3069,none found
3070,none found
3071,none found
3072,none found
3073,none found
3074,none found
3075,none found
3076,none found
3077,none found
3078,none found
3079,none found
3080,none found
3081,none found
3082,none found
3084,none found
3085,none found
3086,none found
3087,none found
3088,none found
3089,none found
3090,none found
3092,none found
3094,none found
3095,none found
3096,none found
3097,none found
3098,none found
3099,none found
3100,none found
3101,none found
3102,none found
3103,none found
3105,none found
3106,none found
3107,none found
3108,none found
3110,none found
3111,none found
3112,none found
3113,none found
3114,none found
3115,none found
3116,none found
3118,none found
3119,none found
3121,none found
3123,none found
3124,none found
3125,none found
3126,none found
3127,none found
3128,none found
3129,none found
3130,none found
3131,none found
3132,none found
3133,none found
3134,none found
3135,none found
3136,none found
3137,none found
3138,none found
3140,none found
3141,none found
3142,none found
3145,none found
3147,none found
3148,none found
3149,none found
3150,none found
3151,none found
3152,none found
3153,none found
3154,none found
3155,none found
3156,none found
3157,none found
3158,none found
3159,none found
3161,none found
3162,none found
3163,none found
3164,none found
3165,none found
3166,none found
3167,none found
3168,none found
3169,none found
3170,none found
3172,none found
3173,none found
3174,none found
3175,none found
3176,none found
3178,none found
3179,none found
3180,none found
3181,none found
3182,none found
3183,none found
3184,none found
3185,none found
3186,none found
3187,none found
3188,none found
3189,none found
3190,none found
3191,none found
3193,none found
3194,none found
3196,none found
3197,none found
3198,none found
3199,none found
3200,none found
3201,none found
3202,none found
3203,none found
3204,none found
3205,none found
3206,none found
3207,none found
3208,none found
3209,none found
3210,none found
3211,none found
3213,none found
3214,none found
3215,none found
3217,none found
3218,none found
3219,none found
3220,none found
3221,none found
3222,none found
3223,none found
3224,none found
3225,none found
3228,none found
3229,none found
3230,none found
3231,none found
3232,none found
3233,none found
3234,none found
3235,none found
3236,none found
3237,none found
3238,none found
3239,none found
3240,none found
3241,none found
3242,none found
3244,none found
3245,none found
3246,none found
3247,none found
3248,none found
3249,none found
3250,none found
3251,none found
3252,none found
3253,none found
3254,none found
3255,none found
3256,none found
3257,none found
3258,none found
3259,none found
3260,none found
3261,none found
3264,none found
3265,none found
3267,none found
3268,none found
3269,none found
3270,none found
3271,none found
3273,none found
3274,none found
3275,none found
3276,none found
3277,none found
3278,none found
3279,none found
3280,none found
3281,none found
3282,none found
3284,none found
3285,none found
3286,none found
3287,none found
3288,none found
3289,none found
3290,none found
3291,none found
3292,none found
3293,none found
3294,none found
3295,none found
3296,none found
3297,none found
3298,none found
3299,none found
3300,none found
3301,none found
3302,none found
3303,none found
3304,none found
3305,none found
3306,none found
3308,none found
3309,none found
3310,none found
3311,none found
3312,none found
3313,none found
3315,none found
3316,none found
3318,none found
3319,none found
3320,none found
3321,none found
3322,none found
3324,none found
3327,none found
3328,none found
3330,none found
3331,none found
3333,none found
3334,none found
3335,none found
3336,none found
3337,none found
3338,none found
3340,none found
3341,none found
3342,none found
3345,none found
3346,none found
3347,none found
3348,none found
3349,none found
3350,none found
3351,none found
3353,none found
3354,none found
3355,none found
3356,none found
3357,none found
3358,none found
3359,none found
3360,none found
3361,none found
3362,none found
3363,none found
3364,none found
3365,none found
3366,none found
3369,none found
3370,none found
3371,none found
3372,none found
3373,none found
3374,none found
3375,none found
3376,none found
3378,none found
3379,none found
3380,none found
3381,none found
3382,none found
3384,none found
3386,none found
3387,none found
3388,none found
3389,none found
3390,none found
3391,none found
3393,none found
3394,none found
3395,none found
3396,none found
3397,none found
3398,none found
3399,none found
3400,none found
3401,none found
3402,none found
3403,none found
3404,none found
3405,none found
3408,none found
3410,none found
3411,none found
3412,none found
3413,none found
3414,none found
3415,none found
3416,none found
3417,none found
3418,none found
3419,none found
3420,none found
3421,none found
3422,none found
3423,none found
3424,none found
3426,none found
3427,none found
3428,none found
3429,none found
3430,none found
3431,none found
3432,none found
3433,none found
3434,none found
3435,none found
3436,none found
3438,none found
3439,none found
3440,none found
3441,none found
3444,none found
3446,none found
3447,none found
3448,none found
3449,none found
3450,none found
3451,none found
3452,none found
3453,none found
3454,none found
3455,none found
3456,none found
3457,none found
3458,none found
3461,none found
3462,none found
3463,none found
3464,none found
3465,none found
3466,none found
3467,none found
3468,none found
3469,none found
3470,none found
3471,none found
3472,none found
3473,none found
3475,none found
3476,none found
3477,none found
3478,none found
3479,none found
3480,none found
3481,none found
3482,none found
3483,none found
3485,none found
3486,none found
3487,none found
3488,none found
3489,none found
3490,none found
3491,none found
3492,none found
3493,none found
3494,none found
3495,none found
3496,none found
3497,none found
3498,none found
3499,none found
3500,none found
3501,none found
3502,none found
3503,none found
3504,none found
3505,none found
3506,none found
3507,none found
3508,none found
3509,none found
3510,none found
3511,none found
3512,none found
3513,none found
3515,none found
3516,none found
3517,none found
3518,none found
3519,none found
3520,none found
3521,none found
3523,none found
3524,none found
3525,none found
3528,none found
3529,none found
3530,none found
3531,none found
3532,none found
3533,none found
3534,none found
3535,none found
3536,none found
3537,none found
3540,none found
3541,none found
3542,none found
3543,none found
3544,none found
3545,none found
3546,none found
3547,none found
3548,none found
3549,none found
3550,none found
3551,none found
3552,none found
3553,none found
3556,none found
3557,none found
3558,none found
3559,none found
3560,none found
3562,none found
3563,none found
3564,none found
3565,none found
3566,none found
3567,none found
3568,none found
3569,none found
3570,none found
3571,none found
3572,none found
3573,none found
3574,none found
3576,none found
3577,none found
3578,none found
3581,none found
3582,none found
3583,none found
3584,none found
3585,none found
3586,none found
3587,none found
3588,none found
3589,none found
3590,none found
3591,none found
3592,none found
3593,none found
3595,none found
3596,none found
3597,none found
3598,none found
3599,none found
3600,none found
3601,none found
3602,none found
3603,none found
3604,none found
3605,none found
3606,none found
3607,none found
3608,none found
3609,none found
3610,none found
3611,none found
3612,none found
3613,none found
3615,none found
3616,none found
3617,none found
3618,none found
3619,none found
3620,none found
3621,none found
3622,none found
3623,none found
3624,none found
3625,none found
3626,none found
3627,none found
3628,none found
3629,none found
3630,none found
3631,none found
3632,none found
3633,none found
3634,none found
3635,none found
3636,none found
3639,none found
3640,none found
3641,none found
3642,none found
3643,none found
3644,none found
3645,none found
3646,none found
3647,none found
3648,none found
3650,none found
3651,none found
3652,none found
3653,none found
3654,none found
3656,none found
3657,none found
3658,none found
3659,none found
3660,none found
3661,none found
3662,none found
3663,none found
3664,none found
3665,none found
3666,none found
3667,none found
3668,none found
3669,none found
3670,none found
3671,none found
3672,none found
3673,none found
3674,none found
3675,none found
3676,none found
3677,none found
3678,none found
3679,none found
3680,none found
3681,none found
3682,none found
3683,none found
3684,none found
3685,none found
3686,none found
3687,none found
3688,none found
3689,none found
3690,none found
3691,none found
3692,none found
3693,none found
3695,none found
3696,none found
3697,none found
3698,none found
3699,none found
3700,none found
3701,none found
3702,none found
3703,none found
3704,none found
3705,none found
3706,none found
3708,none found
3709,none found
3710,none found
3711,none found
3712,none found
3713,none found
3715,none found
3716,none found
3717,none found
3718,none found
3720,none found
3721,none found
3722,none found
3724,none found
3725,none found
3726,none found
3729,none found
3730,none found
3731,none found
3732,none found
3733,none found
3734,none found
3735,none found
3736,none found
3737,none found
3738,none found
3739,none found
3740,none found
3742,none found
3743,none found
3744,none found
3745,none found
3746,none found
3747,none found
3749,none found
3750,none found
3751,none found
3752,none found
3753,none found
3754,none found
3755,none found
3756,none found
3757,none found
3758,none found
3760,none found
3761,none found
3763,none found
3765,none found
3766,none found
3767,none found
3768,none found
3769,none found
3770,none found
3771,none found
3772,none found
3773,none found
3774,none found
3775,none found
3776,none found
3777,none found
3778,none found
3779,none found
3780,none found
3781,none found
3782,none found
3783,none found
3784,none found
3785,none found
3786,none found
3787,none found
3788,none found
3789,none found
3790,none found
3792,none found
3793,none found
3794,none found
3795,none found
3796,none found
3797,none found
3798,none found
3799,none found
3800,none found
3801,none found
3802,none found
3803,none found
3804,none found
3805,none found
3806,none found
3807,none found
3808,none found
3809,none found
3810,none found
3811,none found
3812,none found
3813,none found
3814,none found
3815,none found
3816,none found
3817,none found
3818,none found
3819,none found
3820,none found
3821,none found
3822,none found
3823,none found
3824,none found
3825,none found
3826,none found
3827,none found
3828,none found
3829,none found
3830,none found
3831,none found
3834,none found
3835,none found
3836,none found
3838,none found
3839,none found
3840,none found
3841,none found
3842,none found
3843,none found
3844,none found
3845,none found
3846,none found
3847,none found
3848,none found
3849,none found
3850,none found
3851,none found
3852,none found
3853,none found
3854,none found
3855,none found
3856,none found
3857,none found
3858,none found
3859,none found
3860,none found
3861,none found
3862,none found
3863,none found
3864,none found
3865,none found
3866,none found
3867,none found
3868,none found
3869,none found
3870,none found
3871,none found
3872,none found
3873,none found
3874,none found
3875,none found
3876,none found
3877,none found
3878,none found
3879,none found
3880,none found
3881,none found
3882,none found
3883,none found
3884,none found
3885,none found
3886,none found
3887,none found
3888,none found
3889,none found
3890,none found
3891,none found
3893,none found
3894,none found
3895,none found
3896,none found
3897,none found
3898,none found
3900,none found
3901,none found
3902,none found
3903,none found
3904,none found
3905,none found
3906,none found
3907,none found
3908,none found
3909,none found
3910,none found
3911,none found
3912,none found
3914,none found
3915,none found
3916,none found
3917,none found
3918,none found
3919,none found
3920,none found
3921,none found
3922,none found
3923,none found
3925,none found
3927,none found
3928,none found
3929,none found
3930,none found
3931,none found
3932,none found
3933,none found
3934,none found
3935,none found
3936,none found
3937,none found
3939,none found
3940,none found
3941,none found
3942,none found
3943,none found
3945,none found
3946,none found
3947,none found
3948,none found
3950,none found
3951,none found
3952,none found
3953,none found
3955,none found
3956,none found
3957,none found
3958,none found
3959,none found
3960,none found
3961,none found
3962,none found
3963,none found
3964,none found
3965,none found
3966,none found
3967,none found
3968,none found
3969,none found
3970,none found
3971,none found
3972,none found
3973,none found
3974,none found
3975,none found
3976,none found
3977,none found
3978,none found
3979,none found
3980,none found
3981,none found
3983,none found
3985,none found
3986,none found
3987,none found
3988,none found
3989,none found
3990,none found
3991,none found
3992,none found
3993,none found
3996,none found
3997,none found
3998,none found
3999,none found
4000,none found
4001,none found
4002,none found
4003,none found
4004,none found
4005,none found
4006,none found
4007,none found
4008,none found
4009,none found
4010,none found
4011,none found
4012,none found
4013,none found
4014,none found
4015,none found
4016,none found
4017,none found
4018,none found
4019,none found
4020,none found
4021,none found
4022,none found
4023,none found
4024,none found
4025,none found
4026,none found
4027,none found
4028,none found
4029,none found
4030,none found
4031,none found
4032,none found
4033,none found
4034,none found
4035,none found
4036,none found
4038,none found
4039,none found
4040,none found
4041,none found
4042,none found
4043,none found
4044,none found
4045,none found
4046,none found
4047,none found
4048,none found
4049,none found
4050,none found
4051,none found
4052,none found
4053,none found
4054,none found
4055,none found
4056,none found
4057,none found
4058,none found
4059,none found
4060,none found
4061,none found
4062,none found
4063,none found
4065,none found
4066,none found
4067,none found
4068,none found
4069,none found
4070,none found
4071,none found
4072,none found
4073,none found
4074,none found
4075,none found
4076,none found
4077,none found
4078,none found
4079,none found
4080,none found
4081,none found
4082,none found
4083,none found
4084,none found
4085,none found
4086,none found
4087,none found
4088,none found
4090,none found
4091,none found
4092,none found
4093,none found
4094,none found
4095,none found
4096,none found
4097,none found
4098,none found
4099,none found
4100,none found
4101,none found
4102,none found
4103,none found
4104,none found
4105,none found
4106,none found
4107,none found
4112,none found
4113,none found
4114,none found
4115,none found
4116,none found
4117,none found
4119,none found
4120,none found
4124,none found
4125,none found
4126,none found
4127,none found
4128,none found
4129,none found
4130,none found
4131,none found
4132,none found
4133,none found
4134,none found
4135,none found
4136,none found
4138,none found
4140,none found
4141,none found
4142,none found
4143,none found
4144,none found
4145,none found
4146,none found
4147,none found
4148,none found
4149,none found
4150,none found
4151,none found
4152,none found
4153,none found
4154,none found
4155,none found
4156,none found
4157,none found
4158,none found
4159,none found
4160,none found
4161,none found
4162,none found
4163,none found
4164,none found
4165,none found
4166,none found
4167,none found
4168,none found
4169,none found
4170,none found
4171,none found
4172,none found
4173,none found
4174,none found
4175,none found
4176,none found
4177,none found
4178,none found
4179,none found
4180,none found
4181,none found
4182,none found
4183,none found
4184,none found
4185,none found
4186,none found
4187,none found
4188,none found
4189,none found
4190,none found
4191,none found
4192,none found
4193,none found
4194,none found
4195,none found
4196,none found
4197,none found
4198,none found
4199,none found
4200,none found
4201,none found
4202,none found
4203,none found
4204,none found
4205,none found
4206,none found
4207,none found
4208,none found
4209,none found
4210,none found
4211,none found
4212,none found
4213,none found
4214,none found
4215,none found
4216,none found
4217,none found
4218,none found
4219,none found
4220,none found
4221,none found
4222,none found
4223,none found
4224,none found
